date,close,high,low,open
2015-01-02 00:00:00+00:00,205.43,206.88,204.18,206.38
2015-01-05 00:00:00+00:00,201.72,204.37,201.35,204.17
2015-01-06 00:00:00+00:00,199.82,202.72,198.86,202.09
2015-01-07 00:00:00+00:00,202.31,202.72,200.88,201.42
2015-01-08 00:00:00+00:00,205.9,206.16,203.99,204.01
2015-01-09 00:00:00+00:00,204.25,206.42,203.51,206.4
2015-01-12 00:00:00+00:00,202.65,204.6,201.92,204.41
2015-01-13 00:00:00+00:00,202.08,205.48,200.51,204.12
2015-01-14 00:00:00+00:00,200.86,201.1,198.57,199.65
2015-01-15 00:00:00+00:00,199.02,202.01,198.88,201.63
2015-01-16 00:00:00+00:00,201.63,201.82,198.55,198.77
2015-01-20 00:00:00+00:00,202.06,202.72,200.17,202.4
2015-01-21 00:00:00+00:00,203.08,203.66,200.94,201.5
2015-01-22 00:00:00+00:00,206.1,206.26,202.33,203.99
2015-01-23 00:00:00+00:00,204.97,206.1,204.81,205.79
2015-01-26 00:00:00+00:00,205.45,205.56,203.85,204.71
2015-01-27 00:00:00+00:00,202.74,204.12,201.74,202.97
2015-01-28 00:00:00+00:00,200.14,204.29,199.91,204.17
2015-01-29 00:00:00+00:00,201.99,202.3,198.68,200.38
2015-01-30 00:00:00+00:00,199.45,202.17,199.13,200.57
2015-02-02 00:00:00+00:00,201.92,202.03,197.86,200.05
2015-02-03 00:00:00+00:00,204.84,204.85,202.55,203.0
2015-02-04 00:00:00+00:00,204.06,205.38,203.51,203.92
2015-02-05 00:00:00+00:00,206.12,206.3,204.77,204.86
2015-02-06 00:00:00+00:00,205.55,207.24,204.92,206.56
2015-02-09 00:00:00+00:00,204.63,205.64,204.14,204.77
2015-02-10 00:00:00+00:00,206.81,207.12,204.68,205.88
2015-02-11 00:00:00+00:00,206.93,207.45,205.83,206.61
2015-02-12 00:00:00+00:00,208.92,208.99,206.97,207.89
2015-02-13 00:00:00+00:00,209.78,209.84,208.76,209.07
2015-02-17 00:00:00+00:00,210.11,210.32,209.1,209.4
2015-02-18 00:00:00+00:00,210.13,210.22,209.34,209.66
2015-02-19 00:00:00+00:00,209.98,210.42,209.24,209.41
2015-02-20 00:00:00+00:00,211.24,211.33,208.73,209.48
2015-02-23 00:00:00+00:00,211.21,211.21,210.48,210.94
2015-02-24 00:00:00+00:00,211.81,212.05,210.76,211.12
2015-02-25 00:00:00+00:00,211.63,212.24,211.22,211.66
2015-02-26 00:00:00+00:00,211.38,211.71,210.65,211.52
2015-02-27 00:00:00+00:00,210.66,211.58,210.6,211.26
2015-03-02 00:00:00+00:00,211.99,212.06,210.72,210.78
2015-03-03 00:00:00+00:00,211.12,212.05,210.08,211.47
2015-03-04 00:00:00+00:00,210.23,210.49,209.06,210.4
2015-03-05 00:00:00+00:00,210.46,210.8,209.85,210.62
2015-03-06 00:00:00+00:00,207.5,210.46,207.1,210.46
2015-03-09 00:00:00+00:00,208.36,208.79,207.55,207.74
2015-03-10 00:00:00+00:00,204.98,206.81,204.93,206.71
2015-03-11 00:00:00+00:00,204.5,205.5,204.4,205.29
2015-03-12 00:00:00+00:00,207.1,207.18,205.2,205.26
2015-03-13 00:00:00+00:00,205.83,207.93,204.58,206.77
2015-03-16 00:00:00+00:00,208.58,208.69,205.86,206.71
2015-03-17 00:00:00+00:00,207.96,208.42,206.98,207.69
2015-03-18 00:00:00+00:00,210.46,211.27,206.62,207.39
2015-03-19 00:00:00+00:00,209.5,210.47,209.03,209.96
2015-03-20 00:00:00+00:00,210.41,211.02,209.49,209.71
2015-03-23 00:00:00+00:00,210.0,211.11,210.0,210.42
2015-03-24 00:00:00+00:00,208.82,210.4,208.74,209.85
2015-03-25 00:00:00+00:00,205.76,209.35,205.71,209.07
2015-03-26 00:00:00+00:00,205.27,206.37,204.12,204.96
2015-03-27 00:00:00+00:00,205.74,205.95,204.9,205.13
2015-03-30 00:00:00+00:00,208.25,208.61,206.96,206.98
2015-03-31 00:00:00+00:00,206.43,208.1,206.36,207.26
2015-04-01 00:00:00+00:00,205.7,206.43,204.51,206.43
2015-04-02 00:00:00+00:00,206.44,206.98,205.4,205.62
2015-04-06 00:00:00+00:00,207.83,208.45,205.21,206.44
2015-04-07 00:00:00+00:00,207.28,208.76,207.24,207.86
2015-04-08 00:00:00+00:00,207.98,208.51,207.08,207.55
2015-04-09 00:00:00+00:00,208.9,209.18,207.19,207.78
2015-04-10 00:00:00+00:00,210.04,210.09,208.96,209.2
2015-04-13 00:00:00+00:00,209.09,210.63,209.03,209.87
2015-04-14 00:00:00+00:00,209.49,209.71,208.1,208.85
2015-04-15 00:00:00+00:00,210.43,211.04,209.95,210.05
2015-04-16 00:00:00+00:00,210.37,210.98,209.79,210.03
2015-04-17 00:00:00+00:00,207.95,209.23,207.01,208.94
2015-04-20 00:00:00+00:00,209.85,210.25,208.96,209.06
2015-04-21 00:00:00+00:00,209.6,210.86,209.24,210.67
2015-04-22 00:00:00+00:00,210.63,210.85,208.9,210.01
2015-04-23 00:00:00+00:00,211.16,211.94,210.01,210.15
2015-04-24 00:00:00+00:00,211.65,211.97,211.11,211.66
2015-04-27 00:00:00+00:00,210.77,212.48,210.54,212.33
2015-04-28 00:00:00+00:00,211.44,211.5,209.33,210.74
2015-04-29 00:00:00+00:00,210.57,211.44,209.6,211.44
2015-04-30 00:00:00+00:00,208.46,210.35,207.62,209.88
2015-05-01 00:00:00+00:00,210.72,210.77,209.28,209.4
2015-05-04 00:00:00+00:00,211.32,212.02,211.1,211.23
2015-05-05 00:00:00+00:00,208.9,211.46,208.73,211.03
2015-05-06 00:00:00+00:00,208.04,209.93,206.76,209.56
2015-05-07 00:00:00+00:00,208.87,209.38,207.52,207.92
2015-05-08 00:00:00+00:00,211.62,211.86,210.78,210.88
2015-05-11 00:00:00+00:00,210.61,211.89,210.52,211.57
2015-05-12 00:00:00+00:00,209.98,210.63,208.62,209.61
2015-05-13 00:00:00+00:00,210.02,211.22,209.74,210.47
2015-05-14 00:00:00+00:00,212.21,212.32,210.91,211.24
2015-05-15 00:00:00+00:00,212.44,212.61,211.86,212.44
2015-05-18 00:00:00+00:00,213.1,213.4,212.16,212.24
2015-05-19 00:00:00+00:00,213.03,213.57,212.69,213.24
2015-05-20 00:00:00+00:00,212.88,213.78,212.5,213.15
2015-05-21 00:00:00+00:00,213.5,213.75,212.51,212.71
2015-05-22 00:00:00+00:00,212.99,213.54,212.91,213.04
2015-05-26 00:00:00+00:00,210.7,212.91,210.2,212.4
2015-05-27 00:00:00+00:00,212.7,212.98,210.76,211.25
2015-05-28 00:00:00+00:00,212.46,212.59,211.63,212.33
2015-05-29 00:00:00+00:00,211.14,212.43,210.82,212.38
2015-06-01 00:00:00+00:00,211.57,212.34,210.62,211.94
2015-06-02 00:00:00+00:00,211.36,212.19,210.27,211.02
2015-06-03 00:00:00+00:00,211.92,212.67,211.33,212.0
2015-06-04 00:00:00+00:00,210.13,211.86,209.75,211.07
2015-06-05 00:00:00+00:00,209.77,210.58,208.98,209.95
2015-06-08 00:00:00+00:00,208.42,209.82,208.39,209.64
2015-06-09 00:00:00+00:00,208.45,209.1,207.69,208.45
2015-06-10 00:00:00+00:00,210.96,211.41,209.3,209.37
2015-06-11 00:00:00+00:00,211.65,212.09,211.2,211.48
2015-06-12 00:00:00+00:00,209.93,211.48,209.68,210.64
2015-06-15 00:00:00+00:00,209.1,209.45,207.79,208.64
2015-06-16 00:00:00+00:00,210.25,210.35,208.72,208.93
2015-06-17 00:00:00+00:00,210.59,211.32,209.36,210.59
2015-06-18 00:00:00+00:00,212.71,213.34,210.63,211.31
2015-06-19 00:00:00+00:00,210.81,211.55,210.36,211.46
2015-06-22 00:00:00+00:00,211.89,212.59,211.64,211.91
2015-06-23 00:00:00+00:00,212.05,212.44,211.57,212.14
2015-06-24 00:00:00+00:00,210.51,212.17,210.47,211.72
2015-06-25 00:00:00+00:00,209.83,211.25,209.77,211.1
2015-06-26 00:00:00+00:00,209.9,210.58,209.16,210.29
2015-06-29 00:00:00+00:00,205.47,209.83,205.33,208.05
2015-06-30 00:00:00+00:00,205.89,207.32,205.28,207.26
2015-07-01 00:00:00+00:00,207.57,208.03,206.56,207.73
2015-07-02 00:00:00+00:00,207.32,208.27,206.81,208.07
2015-07-06 00:00:00+00:00,206.67,207.65,205.53,205.77
2015-07-07 00:00:00+00:00,208.01,208.17,204.11,206.96
2015-07-08 00:00:00+00:00,204.53,206.76,204.25,206.42
2015-07-09 00:00:00+00:00,204.8,207.35,204.77,207.04
2015-07-10 00:00:00+00:00,207.48,207.98,204.95,207.29
2015-07-13 00:00:00+00:00,209.76,209.9,208.94,208.99
2015-07-14 00:00:00+00:00,210.72,211.05,209.65,209.72
2015-07-15 00:00:00+00:00,210.63,211.28,210.04,210.73
2015-07-16 00:00:00+00:00,212.27,212.3,211.58,211.87
2015-07-17 00:00:00+00:00,212.47,212.55,211.8,212.29
2015-07-20 00:00:00+00:00,212.62,213.18,212.21,212.75
2015-07-21 00:00:00+00:00,211.76,212.74,211.39,212.43
2015-07-22 00:00:00+00:00,211.29,211.77,210.89,210.93
2015-07-23 00:00:00+00:00,210.14,211.65,209.75,211.53
2015-07-24 00:00:00+00:00,207.94,210.37,207.6,210.3
2015-07-27 00:00:00+00:00,206.74,208.0,206.26,208.0
2015-07-28 00:00:00+00:00,209.31,209.5,206.8,207.79
2015-07-29 00:00:00+00:00,210.77,211.04,209.31,209.48
2015-07-30 00:00:00+00:00,210.82,211.02,209.42,210.16
2015-07-31 00:00:00+00:00,210.45,211.45,210.16,211.42
2015-08-03 00:00:00+00:00,209.73,210.53,208.65,210.46
2015-08-04 00:00:00+00:00,209.32,210.25,208.8,209.7
2015-08-05 00:00:00+00:00,210.1,211.31,209.73,210.45
2015-08-06 00:00:00+00:00,208.35,210.42,207.65,210.29
2015-08-07 00:00:00+00:00,207.92,208.34,206.87,208.16
2015-08-10 00:00:00+00:00,210.63,210.67,209.28,209.28
2015-08-11 00:00:00+00:00,208.66,209.47,207.76,208.97
2015-08-12 00:00:00+00:00,208.92,209.14,205.36,207.11
2015-08-13 00:00:00+00:00,208.7,209.55,208.01,208.73
2015-08-14 00:00:00+00:00,209.36,209.51,208.26,208.43
2015-08-17 00:00:00+00:00,210.56,210.59,208.16,208.71
2015-08-18 00:00:00+00:00,209.93,210.68,209.7,210.26
2015-08-19 00:00:00+00:00,208.28,210.01,207.35,209.09
2015-08-20 00:00:00+00:00,204.01,208.29,203.9,206.51
2015-08-21 00:00:00+00:00,197.63,203.94,197.52,201.73
2015-08-24 00:00:00+00:00,189.55,197.4772,182.4,187.49
2015-08-25 00:00:00+00:00,187.23,195.45,186.92,195.43
2015-08-26 00:00:00+00:00,194.68,194.79,188.37,192.08
2015-08-27 00:00:00+00:00,199.16,199.42,195.21,197.02
2015-08-28 00:00:00+00:00,199.24,199.84,197.92,198.5
2015-08-31 00:00:00+00:00,197.54,199.13,197.01,198.11
2015-09-01 00:00:00+00:00,191.77,194.77,190.73,193.12
2015-09-02 00:00:00+00:00,195.41,195.46,192.42,194.62
2015-09-03 00:00:00+00:00,195.65,198.05,194.96,196.26
2015-09-04 00:00:00+00:00,192.59,193.86,191.61,192.85
2015-09-08 00:00:00+00:00,197.46,197.61,195.17,195.94
2015-09-09 00:00:00+00:00,194.76,199.47,194.35,199.32
2015-09-10 00:00:00+00:00,195.85,197.22,194.25,194.56
2015-09-11 00:00:00+00:00,196.74,196.82,194.53,195.38
2015-09-14 00:00:00+00:00,195.98,197.01,195.43,196.95
2015-09-15 00:00:00+00:00,198.45,198.99,195.96,196.61
2015-09-16 00:00:00+00:00,200.14,200.41,198.41,198.82
2015-09-17 00:00:00+00:00,199.7,202.89,199.28,200.02
2015-09-18 00:00:00+00:00,195.36,198.68,194.96,195.71
2015-09-21 00:00:00+00:00,196.44,197.68,195.21,196.44
2015-09-22 00:00:00+00:00,193.9,194.46,192.56,193.88
2015-09-23 00:00:00+00:00,193.6,194.67,192.91,194.11
2015-09-24 00:00:00+00:00,192.93,193.45,190.56,192.15
2015-09-25 00:00:00+00:00,192.87,195.0,191.81,194.64
2015-09-28 00:00:00+00:00,187.91,191.91,187.64,191.78
2015-09-29 00:00:00+00:00,188.08,189.74,186.93,188.27
2015-09-30 00:00:00+00:00,191.59,191.83,189.44,190.37
2015-10-01 00:00:00+00:00,192.13,192.49,189.82,192.08
2015-10-02 00:00:00+00:00,195.0,195.03,189.12,189.77
2015-10-05 00:00:00+00:00,198.47,198.74,196.33,196.46
2015-10-06 00:00:00+00:00,197.79,198.98,197.0,198.31
2015-10-07 00:00:00+00:00,199.41,199.83,197.48,198.9
2015-10-08 00:00:00+00:00,201.21,201.55,198.59,198.95
2015-10-09 00:00:00+00:00,201.33,201.9,200.58,201.38
2015-10-12 00:00:00+00:00,201.52,201.76,200.91,201.42
2015-10-13 00:00:00+00:00,200.25,202.16,200.05,200.65
2015-10-14 00:00:00+00:00,199.29,200.87,198.94,200.18
2015-10-15 00:00:00+00:00,202.35,202.36,199.64,200.08
2015-10-16 00:00:00+00:00,203.27,203.29,201.92,202.83
2015-10-19 00:00:00+00:00,203.37,203.37,202.13,202.5
2015-10-20 00:00:00+00:00,203.11,203.84,202.55,202.85
2015-10-21 00:00:00+00:00,201.85,203.79,201.65,203.61
2015-10-22 00:00:00+00:00,205.21,205.51,201.85,202.98
2015-10-23 00:00:00+00:00,207.52,207.95,206.3,207.25
2015-10-26 00:00:00+00:00,206.99,207.37,206.56,207.3
2015-10-27 00:00:00+00:00,206.57,207.0,205.79,206.2
2015-10-28 00:00:00+00:00,208.94,208.98,206.21,207.0
2015-10-29 00:00:00+00:00,208.89,209.27,208.21,208.35
2015-10-30 00:00:00+00:00,207.93,209.44,207.74,209.06
2015-11-02 00:00:00+00:00,210.39,210.62,208.17,208.32
2015-11-03 00:00:00+00:00,211.0,211.66,209.7,209.97
2015-11-04 00:00:00+00:00,210.38,211.5,209.72,211.35
2015-11-05 00:00:00+00:00,210.15,210.98,209.09,210.43
2015-11-06 00:00:00+00:00,210.04,210.32,208.46,209.74
2015-11-09 00:00:00+00:00,208.08,209.49,206.95,209.31
2015-11-10 00:00:00+00:00,208.56,208.6,207.19,207.51
2015-11-11 00:00:00+00:00,207.74,208.94,207.66,208.88
2015-11-12 00:00:00+00:00,204.84,207.06,204.82,206.5
2015-11-13 00:00:00+00:00,202.54,204.67,202.44,204.35
2015-11-16 00:00:00+00:00,205.62,205.69,202.18,202.32
2015-11-17 00:00:00+00:00,205.47,207.04,204.88,205.99
2015-11-18 00:00:00+00:00,208.73,208.9,205.99,206.04
2015-11-19 00:00:00+00:00,208.55,209.05,208.2,208.59
2015-11-20 00:00:00+00:00,209.31,210.12,208.86,209.45
2015-11-23 00:00:00+00:00,209.07,209.98,208.52,209.38
2015-11-24 00:00:00+00:00,209.35,209.83,207.41,207.87
2015-11-25 00:00:00+00:00,209.32,209.74,209.01,209.5
2015-11-27 00:00:00+00:00,209.56,209.8,208.86,209.43
2015-11-30 00:00:00+00:00,208.69,209.89,208.56,209.75
2015-12-01 00:00:00+00:00,210.68,210.82,209.11,209.44
2015-12-02 00:00:00+00:00,208.53,211.0,208.23,210.62
2015-12-03 00:00:00+00:00,205.61,209.15,204.75,208.83
2015-12-04 00:00:00+00:00,209.62,209.97,205.61,205.61
2015-12-07 00:00:00+00:00,208.35,209.73,207.2,209.23
2015-12-08 00:00:00+00:00,206.95,208.29,205.78,206.49
2015-12-09 00:00:00+00:00,205.34,208.68,204.18,206.19
2015-12-10 00:00:00+00:00,205.87,207.43,205.14,205.42
2015-12-11 00:00:00+00:00,201.88,204.14,201.51,203.35
2015-12-14 00:00:00+00:00,202.9,203.05,199.95,202.07
2015-12-15 00:00:00+00:00,205.03,206.11,202.87,204.7
2015-12-16 00:00:00+00:00,208.03,208.39,204.8,206.37
2015-12-17 00:00:00+00:00,204.86,208.48,204.84,208.4
2015-12-18 00:00:00+00:00,200.02,202.93,199.83,202.77
2015-12-21 00:00:00+00:00,201.67,201.88,200.09,201.41
2015-12-22 00:00:00+00:00,203.5,203.85,201.55,202.72
2015-12-23 00:00:00+00:00,206.02,206.07,204.58,204.69
2015-12-24 00:00:00+00:00,205.68,206.33,205.42,205.72
2015-12-28 00:00:00+00:00,205.21,205.26,203.94,204.86
2015-12-29 00:00:00+00:00,207.4,207.79,206.47,206.51
2015-12-30 00:00:00+00:00,205.93,207.21,205.76,207.11
2015-12-31 00:00:00+00:00,203.87,205.89,203.87,205.13
2016-01-04 00:00:00+00:00,201.0192,201.03,198.59,200.49
2016-01-05 00:00:00+00:00,201.36,201.9,200.05,201.4
2016-01-06 00:00:00+00:00,198.82,200.06,197.6,198.34
2016-01-07 00:00:00+00:00,194.05,197.44,193.59,195.33
2016-01-08 00:00:00+00:00,191.923,195.85,191.58,195.19
2016-01-11 00:00:00+00:00,192.11,193.41,189.82,193.01
2016-01-12 00:00:00+00:00,193.6608,194.55,191.14,193.82
2016-01-13 00:00:00+00:00,188.83,194.86,188.38,194.45
2016-01-14 00:00:00+00:00,191.93,193.26,187.66,189.55
2016-01-15 00:00:00+00:00,187.81,188.76,185.52,186.77
2016-01-19 00:00:00+00:00,188.06,190.11,186.2,189.96
2016-01-20 00:00:00+00:00,185.65,187.495,181.02,185.03
2016-01-21 00:00:00+00:00,186.69,188.87,184.64,186.21
2016-01-22 00:00:00+00:00,190.52,190.76,188.88,189.78
2016-01-25 00:00:00+00:00,187.64,190.15,187.41,189.92
2016-01-26 00:00:00+00:00,190.2,190.53,188.02,188.42
2016-01-27 00:00:00+00:00,188.13,191.56,187.06,189.58
2016-01-28 00:00:00+00:00,189.11,190.2,187.16,189.96
2016-01-29 00:00:00+00:00,193.7208,193.88,189.88,190.02
2016-02-01 00:00:00+00:00,193.65,194.58,191.84,192.53
2016-02-02 00:00:00+00:00,190.16,191.97,189.54,191.96
2016-02-03 00:00:00+00:00,191.3,191.78,187.1,191.41
2016-02-04 00:00:00+00:00,191.6,192.75,189.96,190.71
2016-02-05 00:00:00+00:00,187.95,191.6696,187.2,190.99
2016-02-08 00:00:00+00:00,185.42,186.12,182.8,185.77
2016-02-09 00:00:00+00:00,185.43,186.94,183.2,183.36
2016-02-10 00:00:00+00:00,185.27,188.34,185.12,186.41
2016-02-11 00:00:00+00:00,182.86,184.1,181.09,182.34
2016-02-12 00:00:00+00:00,186.63,186.65,183.96,184.96
2016-02-16 00:00:00+00:00,189.78,189.81,187.63,188.77
2016-02-17 00:00:00+00:00,192.88,193.32,191.01,191.16
2016-02-18 00:00:00+00:00,192.09,193.27,191.72,193.2
2016-02-19 00:00:00+00:00,192.0,192.18,190.45,191.17
2016-02-22 00:00:00+00:00,194.78,194.95,193.79,193.87
2016-02-23 00:00:00+00:00,192.32,194.32,192.18,194.0
2016-02-24 00:00:00+00:00,193.2,193.53,189.32,190.63
2016-02-25 00:00:00+00:00,195.54,195.55,192.83,193.73
2016-02-26 00:00:00+00:00,195.0892,196.68,194.9,196.57
2016-02-29 00:00:00+00:00,193.56,196.23,193.33,195.11
2016-03-01 00:00:00+00:00,198.11,198.21,194.4542,195.01
2016-03-02 00:00:00+00:00,199.0,199.06,197.25,197.74
2016-03-03 00:00:00+00:00,199.775,199.795,198.11,198.79
2016-03-04 00:00:00+00:00,200.43,201.35,199.03,200.01
2016-03-07 00:00:00+00:00,200.59,201.07,199.25,199.34
2016-03-08 00:00:00+00:00,198.4,199.92,198.21,199.32
2016-03-09 00:00:00+00:00,199.38,199.79,198.43,199.36
2016-03-10 00:00:00+00:00,199.54,201.07,197.38,199.96
2016-03-11 00:00:00+00:00,202.76,202.81,199.5179,201.26
2016-03-14 00:00:00+00:00,202.5,203.04,201.77,202.16
2016-03-15 00:00:00+00:00,202.17,202.5307,201.05,201.36
2016-03-16 00:00:00+00:00,203.34,203.82,201.55,201.6
2016-03-17 00:00:00+00:00,204.63,205.23,202.77,203.24
2016-03-18 00:00:00+00:00,204.38,204.78,203.8,204.17
2016-03-21 00:00:00+00:00,204.67,204.94,203.8,204.07
2016-03-22 00:00:00+00:00,204.56,205.23,203.57,203.76
2016-03-23 00:00:00+00:00,203.2092,204.33,203.01,204.11
2016-03-24 00:00:00+00:00,203.12,203.16,201.74,202.0
2016-03-28 00:00:00+00:00,203.24,203.86,202.705,203.61
2016-03-29 00:00:00+00:00,205.1208,205.25,202.4,202.76
2016-03-30 00:00:00+00:00,206.02,206.87,205.59,206.3
2016-03-31 00:00:00+00:00,205.52,206.41,205.33,205.91
2016-04-01 00:00:00+00:00,206.92,207.14,203.98,204.35
2016-04-04 00:00:00+00:00,206.25,207.07,205.89,206.83
2016-04-05 00:00:00+00:00,204.1892,206.2642,203.89,204.67
2016-04-06 00:00:00+00:00,206.42,206.49,203.98,204.29
2016-04-07 00:00:00+00:00,203.95,205.56,203.09,205.14
2016-04-08 00:00:00+00:00,204.4992,205.85,203.87,205.34
2016-04-11 00:00:00+00:00,204.0201,206.07,203.91,205.25
2016-04-12 00:00:00+00:00,205.92,206.25,203.7,204.22
2016-04-13 00:00:00+00:00,208.0008,208.1,206.84,207.0
2016-04-14 00:00:00+00:00,208.01,208.6,207.6,208.07
2016-04-15 00:00:00+00:00,207.78,208.1721,207.4,208.01
2016-04-18 00:00:00+00:00,209.2392,209.28,207.0,207.14
2016-04-19 00:00:00+00:00,209.9,210.2,208.94,209.74
2016-04-20 00:00:00+00:00,210.1,210.92,209.39,209.95
2016-04-21 00:00:00+00:00,208.97,210.25,208.65,210.12
2016-04-22 00:00:00+00:00,208.97,209.29,207.91,208.55
2016-04-25 00:00:00+00:00,208.61,208.66,207.54,208.26
2016-04-26 00:00:00+00:00,208.9192,209.52,208.36,209.04
2016-04-27 00:00:00+00:00,209.35,209.81,208.05,208.47
2016-04-28 00:00:00+00:00,207.4475,209.76,206.96,208.46
2016-04-29 00:00:00+00:00,206.3308,207.13,205.03,206.72
2016-05-02 00:00:00+00:00,207.97,208.18,206.41,206.92
2016-05-03 00:00:00+00:00,206.1592,206.8,205.28,206.52
2016-05-04 00:00:00+00:00,205.01,205.85,204.42,204.99
2016-05-05 00:00:00+00:00,204.97,205.98,204.47,205.56
2016-05-06 00:00:00+00:00,205.72,205.77,203.88,204.06
2016-05-09 00:00:00+00:00,205.8892,206.4,205.36,205.57
2016-05-10 00:00:00+00:00,208.45,208.5,206.64,206.72
2016-05-11 00:00:00+00:00,206.5,208.54,206.5,207.91
2016-05-12 00:00:00+00:00,206.56,207.4899,205.37,207.29
2016-05-13 00:00:00+00:00,204.76,206.86,204.38,206.21
2016-05-16 00:00:00+00:00,206.78,207.34,204.89,204.96
2016-05-17 00:00:00+00:00,204.8508,206.8,204.23,206.46
2016-05-18 00:00:00+00:00,204.91,206.3,203.63,204.44
2016-05-19 00:00:00+00:00,204.2,204.54,202.78,204.06
2016-05-20 00:00:00+00:00,205.49,206.1,204.86,204.92
2016-05-23 00:00:00+00:00,205.21,205.84,204.985,205.51
2016-05-24 00:00:00+00:00,207.87,208.24,206.14,206.17
2016-05-25 00:00:00+00:00,209.28,209.77,207.8691,208.67
2016-05-26 00:00:00+00:00,209.34,209.71,208.97,209.44
2016-05-27 00:00:00+00:00,210.24,210.25,209.47,209.53
2016-05-31 00:00:00+00:00,209.84,210.69,209.18,210.56
2016-06-01 00:00:00+00:00,210.27,210.48,208.89,209.12
2016-06-02 00:00:00+00:00,210.91,210.93,209.2399,209.8
2016-06-03 00:00:00+00:00,210.28,210.69,208.86,210.25
2016-06-06 00:00:00+00:00,211.35,211.77,210.51,210.7
2016-06-07 00:00:00+00:00,211.68,212.34,211.5,211.525
2016-06-08 00:00:00+00:00,212.37,212.52,211.6899,211.84
2016-06-09 00:00:00+00:00,212.08,212.22,211.19,211.51
2016-06-10 00:00:00+00:00,210.07,210.86,209.43,210.46
2016-06-13 00:00:00+00:00,208.4492,210.37,208.35,209.36
2016-06-14 00:00:00+00:00,208.04,208.74,206.9199,208.0
2016-06-15 00:00:00+00:00,207.75,209.36,207.53,208.54
2016-06-16 00:00:00+00:00,208.37,208.57,205.59,206.73
2016-06-17 00:00:00+00:00,206.52,207.2,205.75,207.17
2016-06-20 00:00:00+00:00,207.85,209.61,207.75,208.82
2016-06-21 00:00:00+00:00,208.44,208.92,207.78,208.3
2016-06-22 00:00:00+00:00,208.1,209.5,207.93,208.65
2016-06-23 00:00:00+00:00,210.81,210.87,209.27,209.81
2016-06-24 00:00:00+00:00,203.13,210.8463,202.72,203.63
2016-06-27 00:00:00+00:00,199.6,201.6,198.65,201.59
2016-06-28 00:00:00+00:00,203.1997,203.23,201.12,201.48
2016-06-29 00:00:00+00:00,206.66,206.93,204.72,204.84
2016-06-30 00:00:00+00:00,209.475,209.54,206.56,207.21
2016-07-01 00:00:00+00:00,209.9208,210.49,209.29,209.36
2016-07-05 00:00:00+00:00,208.41,209.08,207.71,208.95
2016-07-06 00:00:00+00:00,209.66,209.8,207.06,207.83
2016-07-07 00:00:00+00:00,209.526,210.6495,208.63,209.87
2016-07-08 00:00:00+00:00,212.65,212.94,210.7785,211.05
2016-07-11 00:00:00+00:00,213.4,214.07,212.95,213.19
2016-07-12 00:00:00+00:00,214.95,215.3,213.4308,214.53
2016-07-13 00:00:00+00:00,214.92,215.45,214.35,215.44
2016-07-14 00:00:00+00:00,216.12,216.67,215.66,216.4
2016-07-15 00:00:00+00:00,215.83,217.0125,215.308,216.78
2016-07-18 00:00:00+00:00,216.4092,216.6,215.67,215.97
2016-07-19 00:00:00+00:00,216.19,216.23,215.63,215.92
2016-07-20 00:00:00+00:00,217.085,217.37,216.24,216.75
2016-07-21 00:00:00+00:00,216.265,217.22,215.75,216.96
2016-07-22 00:00:00+00:00,217.24,217.3,216.1,216.41
2016-07-25 00:00:00+00:00,216.65,217.06,215.97,217.0
2016-07-26 00:00:00+00:00,216.75,217.17,215.76,216.53
2016-07-27 00:00:00+00:00,216.52,217.27,215.62,217.19
2016-07-28 00:00:00+00:00,216.77,217.11,215.75,216.29
2016-07-29 00:00:00+00:00,217.12,217.54,216.13,216.46
2016-08-01 00:00:00+00:00,216.94,217.65,216.405,217.19
2016-08-02 00:00:00+00:00,215.5492,216.83,214.57,216.65
2016-08-03 00:00:00+00:00,216.18,216.245,215.13,215.48
2016-08-04 00:00:00+00:00,216.4097,216.78,214.25,216.31
2016-08-05 00:00:00+00:00,218.18,218.23,217.07,217.21
2016-08-08 00:00:00+00:00,218.05,218.52,217.74,218.4
2016-08-09 00:00:00+00:00,218.18,218.76,217.8,218.13
2016-08-10 00:00:00+00:00,217.64,218.4038,217.23,218.31
2016-08-11 00:00:00+00:00,218.65,218.94,217.95,218.26
2016-08-12 00:00:00+00:00,218.46,218.71,217.99,218.29
2016-08-15 00:00:00+00:00,219.09,219.5,218.88,218.89
2016-08-16 00:00:00+00:00,217.96,218.68,217.96,218.6
2016-08-17 00:00:00+00:00,218.37,218.53,217.02,218.0
2016-08-18 00:00:00+00:00,218.86,218.9,218.21,218.34
2016-08-19 00:00:00+00:00,218.54,218.75,217.74,218.31
2016-08-22 00:00:00+00:00,218.53,218.8,217.83,218.26
2016-08-23 00:00:00+00:00,218.97,219.6,218.9,219.25
2016-08-24 00:00:00+00:00,217.85,218.91,217.36,218.8
2016-08-25 00:00:00+00:00,217.7,218.19,217.22,217.4
2016-08-26 00:00:00+00:00,217.29,219.12,216.25,217.92
2016-08-29 00:00:00+00:00,218.3608,218.665,217.4,217.44
2016-08-30 00:00:00+00:00,218.0,218.59,217.35,218.26
2016-08-31 00:00:00+00:00,217.38,217.75,216.465,217.61
2016-09-01 00:00:00+00:00,217.39,217.73,216.03,217.37
2016-09-02 00:00:00+00:00,218.37,218.87,217.7,218.39
2016-09-06 00:00:00+00:00,219.0308,219.12,217.86,218.7
2016-09-07 00:00:00+00:00,219.01,219.22,218.3,218.84
2016-09-08 00:00:00+00:00,218.51,218.94,218.15,218.62
2016-09-09 00:00:00+00:00,213.28,217.03,213.25,216.97
2016-09-12 00:00:00+00:00,216.34,216.81,212.31,212.39
2016-09-13 00:00:00+00:00,213.23,215.1499,212.5,214.84
2016-09-14 00:00:00+00:00,213.15,214.7,212.5,213.29
2016-09-15 00:00:00+00:00,215.28,215.73,212.75,212.96
2016-09-16 00:00:00+00:00,213.37,213.69,212.57,213.48
2016-09-19 00:00:00+00:00,213.41,214.88,213.03,214.13
2016-09-20 00:00:00+00:00,213.42,214.59,213.38,214.41
2016-09-21 00:00:00+00:00,215.82,216.03,213.44,214.24
2016-09-22 00:00:00+00:00,217.18,217.53,216.71,217.0
2016-09-23 00:00:00+00:00,215.99,216.88,215.88,216.72
2016-09-26 00:00:00+00:00,214.24,215.23,214.01,215.02
2016-09-27 00:00:00+00:00,215.57,215.68,213.62,214.05
2016-09-28 00:00:00+00:00,216.64,216.82,214.71,215.83
2016-09-29 00:00:00+00:00,214.68,216.87,214.04,216.4
2016-09-30 00:00:00+00:00,216.3,217.12,215.36,215.65
2016-10-03 00:00:00+00:00,215.78,216.04,215.04,215.82
2016-10-04 00:00:00+00:00,214.68,216.17,213.99,215.91
2016-10-05 00:00:00+00:00,215.63,216.13,215.33,215.41
2016-10-06 00:00:00+00:00,215.78,216.04,214.735,215.37
2016-10-07 00:00:00+00:00,215.04,216.3,214.19,216.1
2016-10-10 00:00:00+00:00,216.16,216.7,215.985,216.155
2016-10-11 00:00:00+00:00,213.43,215.74,212.58,215.66
2016-10-12 00:00:00+00:00,213.71,214.32,213.01,213.59
2016-10-13 00:00:00+00:00,213.01,213.59,211.21,212.16
2016-10-14 00:00:00+00:00,213.12,214.69,213.03,214.15
2016-10-17 00:00:00+00:00,212.38,213.39,212.17,213.09
2016-10-18 00:00:00+00:00,213.71,214.31,213.27,214.24
2016-10-19 00:00:00+00:00,214.28,214.64,213.6,214.02
2016-10-20 00:00:00+00:00,213.88,214.53,213.11,213.87
2016-10-21 00:00:00+00:00,213.98,214.08,212.76,212.96
2016-10-24 00:00:00+00:00,214.89,215.32,214.48,215.0
2016-10-25 00:00:00+00:00,214.17,214.98,213.98,214.68
2016-10-26 00:00:00+00:00,213.74,214.42,212.93,213.21
2016-10-27 00:00:00+00:00,213.17,214.62,213.08,214.58
2016-10-28 00:00:00+00:00,212.54,213.93,211.71,213.14
2016-10-31 00:00:00+00:00,212.55,213.19,212.36,212.93
2016-11-01 00:00:00+00:00,211.01,212.99,209.6,212.93
2016-11-02 00:00:00+00:00,209.74,211.1,209.23,210.65
2016-11-03 00:00:00+00:00,208.78,210.24,208.46,209.99
2016-11-04 00:00:00+00:00,208.55,209.89,208.38,208.91
2016-11-07 00:00:00+00:00,213.15,213.19,211.3,211.45
2016-11-08 00:00:00+00:00,214.11,214.77,212.38,212.69
2016-11-09 00:00:00+00:00,216.3792,217.1,212.34,212.37
2016-11-10 00:00:00+00:00,216.92,218.31,215.22,217.3
2016-11-11 00:00:00+00:00,216.42,216.7,215.32,216.08
2016-11-14 00:00:00+00:00,216.59,217.27,215.72,217.03
2016-11-15 00:00:00+00:00,218.28,218.28,216.8,217.04
2016-11-16 00:00:00+00:00,217.87,218.14,217.42,217.56
2016-11-17 00:00:00+00:00,218.99,219.06,217.92,218.05
2016-11-18 00:00:00+00:00,218.5,219.27,218.29,219.07
2016-11-21 00:00:00+00:00,220.15,220.18,219.0,219.17
2016-11-22 00:00:00+00:00,220.58,220.79,219.73,220.51
2016-11-23 00:00:00+00:00,220.7,220.76,219.75,219.98
2016-11-25 00:00:00+00:00,221.52,221.56,221.01,221.1
2016-11-28 00:00:00+00:00,220.48,221.48,220.36,221.16
2016-11-29 00:00:00+00:00,220.91,221.44,220.17,220.52
2016-11-30 00:00:00+00:00,220.38,221.82,220.31,221.63
2016-12-01 00:00:00+00:00,219.57,220.73,219.15,220.73
2016-12-02 00:00:00+00:00,219.68,220.25,219.26,219.67
2016-12-05 00:00:00+00:00,221.0,221.4,220.42,220.65
2016-12-06 00:00:00+00:00,221.7,221.7441,220.662,221.22
2016-12-07 00:00:00+00:00,224.6,224.67,221.38,221.52
2016-12-08 00:00:00+00:00,225.15,225.7,224.26,224.57
2016-12-09 00:00:00+00:00,226.51,226.53,225.37,225.41
2016-12-12 00:00:00+00:00,226.25,226.96,225.76,226.4
2016-12-13 00:00:00+00:00,227.76,228.34,227.0,227.02
2016-12-14 00:00:00+00:00,225.88,228.23,225.365,227.41
2016-12-15 00:00:00+00:00,226.81,227.81,225.8904,226.16
2016-12-16 00:00:00+00:00,225.04,226.08,224.67,226.01
2016-12-19 00:00:00+00:00,225.53,226.02,225.08,225.25
2016-12-20 00:00:00+00:00,226.4,226.57,225.88,226.15
2016-12-21 00:00:00+00:00,225.77,226.45,225.77,226.25
2016-12-22 00:00:00+00:00,225.38,225.74,224.92,225.6
2016-12-23 00:00:00+00:00,225.71,225.72,225.21,225.43
2016-12-27 00:00:00+00:00,226.27,226.73,226.0,226.02
2016-12-28 00:00:00+00:00,224.4,226.59,224.27,226.57
2016-12-29 00:00:00+00:00,224.35,224.89,223.84,224.48
2016-12-30 00:00:00+00:00,223.53,224.83,222.73,224.73
2017-01-03 00:00:00+00:00,225.24,225.83,223.8837,225.04
2017-01-04 00:00:00+00:00,226.58,226.75,225.61,225.62
2017-01-05 00:00:00+00:00,226.4,226.58,225.48,226.27
2017-01-06 00:00:00+00:00,227.21,227.75,225.9,226.53
2017-01-09 00:00:00+00:00,226.46,227.0701,226.4163,226.91
2017-01-10 00:00:00+00:00,226.46,227.45,226.01,226.48
2017-01-11 00:00:00+00:00,227.1,227.1,225.59,226.36
2017-01-12 00:00:00+00:00,226.53,226.75,224.955,226.5
2017-01-13 00:00:00+00:00,227.05,227.4,226.69,226.73
2017-01-17 00:00:00+00:00,226.25,226.78,225.8,226.31
2017-01-18 00:00:00+00:00,226.75,226.8,225.9,226.535
2017-01-19 00:00:00+00:00,225.91,227.0,225.41,226.84
2017-01-20 00:00:00+00:00,226.74,227.31,225.9719,226.7
2017-01-23 00:00:00+00:00,226.15,226.805,225.27,226.35
2017-01-24 00:00:00+00:00,227.6,228.08,226.27,226.4
2017-01-25 00:00:00+00:00,229.57,229.57,228.51,228.7
2017-01-26 00:00:00+00:00,229.33,229.71,229.01,229.4
2017-01-27 00:00:00+00:00,228.97,229.59,228.76,229.42
2017-01-30 00:00:00+00:00,227.55,228.2,226.41,228.17
2017-01-31 00:00:00+00:00,227.53,227.6,226.32,226.98
2017-02-01 00:00:00+00:00,227.62,228.59,226.94,228.255
2017-02-02 00:00:00+00:00,227.77,228.1,226.82,227.2
2017-02-03 00:00:00+00:00,229.34,229.55,228.46,228.82
2017-02-06 00:00:00+00:00,228.93,229.326,228.54,228.87
2017-02-07 00:00:00+00:00,228.94,229.6556,228.72,229.38
2017-02-08 00:00:00+00:00,229.24,229.39,228.31,228.61
2017-02-09 00:00:00+00:00,230.6,230.95,229.52,229.56
2017-02-10 00:00:00+00:00,231.51,231.77,230.6216,231.0
2017-02-13 00:00:00+00:00,232.77,233.07,232.05,232.08
2017-02-14 00:00:00+00:00,233.7,233.71,232.16,232.56
2017-02-15 00:00:00+00:00,234.92,235.14,233.39,233.45
2017-02-16 00:00:00+00:00,234.72,235.155,233.85,234.96
2017-02-17 00:00:00+00:00,235.09,235.09,233.93,233.95
2017-02-21 00:00:00+00:00,236.49,236.69,235.51,235.52
2017-02-22 00:00:00+00:00,236.28,236.54,235.83,236.02
2017-02-23 00:00:00+00:00,236.44,236.9,235.56,236.88
2017-02-24 00:00:00+00:00,236.74,236.7932,235.41,235.46
2017-02-27 00:00:00+00:00,237.11,237.31,236.35,236.64
2017-02-28 00:00:00+00:00,236.47,236.95,236.015,236.67
2017-03-01 00:00:00+00:00,239.78,240.32,238.37,238.39
2017-03-02 00:00:00+00:00,238.27,239.57,238.21,239.56
2017-03-03 00:00:00+00:00,238.42,238.61,237.73,238.17
2017-03-06 00:00:00+00:00,237.71,238.12,237.01,237.5
2017-03-07 00:00:00+00:00,237.0,237.77,236.76,237.36
2017-03-08 00:00:00+00:00,236.56,237.64,236.4,237.34
2017-03-09 00:00:00+00:00,236.86,237.24,235.74,236.7
2017-03-10 00:00:00+00:00,237.69,238.02,236.59,237.97
2017-03-13 00:00:00+00:00,237.81,237.86,237.24,237.62
2017-03-14 00:00:00+00:00,236.9,237.24,236.19,237.18
2017-03-15 00:00:00+00:00,238.95,239.44,237.29,237.56
2017-03-16 00:00:00+00:00,238.48,239.2,238.1,239.11
2017-03-17 00:00:00+00:00,237.03,237.97,237.03,237.75
2017-03-20 00:00:00+00:00,236.77,237.36,236.32,237.03
2017-03-21 00:00:00+00:00,233.73,237.61,233.58,237.47
2017-03-22 00:00:00+00:00,234.28,234.61,233.05,233.77
2017-03-23 00:00:00+00:00,234.03,235.34,233.6,234.0
2017-03-24 00:00:00+00:00,233.86,235.04,232.96,234.38
2017-03-27 00:00:00+00:00,233.62,233.92,231.61,231.93
2017-03-28 00:00:00+00:00,235.32,235.81,233.14,233.27
2017-03-29 00:00:00+00:00,235.54,235.81,234.725,234.99
2017-03-30 00:00:00+00:00,236.29,236.52,235.27,235.47
2017-03-31 00:00:00+00:00,235.74,236.51,235.68,235.9
2017-04-03 00:00:00+00:00,235.33,236.03,233.91,235.8
2017-04-04 00:00:00+00:00,235.48,235.58,234.555,235.0
2017-04-05 00:00:00+00:00,234.78,237.39,234.54,236.26
2017-04-06 00:00:00+00:00,235.44,236.04,234.425,234.94
2017-04-07 00:00:00+00:00,235.2,236.0,234.64,235.15
2017-04-10 00:00:00+00:00,235.34,236.255,234.73,235.36
2017-04-11 00:00:00+00:00,235.06,235.18,233.34,234.9
2017-04-12 00:00:00+00:00,234.03,234.96,233.77,234.74
2017-04-13 00:00:00+00:00,232.51,234.49,232.51,233.64
2017-04-17 00:00:00+00:00,234.57,234.57,232.88,233.11
2017-04-18 00:00:00+00:00,233.87,234.49,233.08,233.72
2017-04-19 00:00:00+00:00,233.44,234.95,233.18,234.52
2017-04-20 00:00:00+00:00,235.34,235.845,233.78,234.15
2017-04-21 00:00:00+00:00,234.59,235.31,234.13,235.25
2017-04-24 00:00:00+00:00,237.17,237.41,234.5628,237.18
2017-04-25 00:00:00+00:00,238.55,238.95,237.81,237.91
2017-04-26 00:00:00+00:00,238.4,239.53,238.35,238.51
2017-04-27 00:00:00+00:00,238.6,238.95,237.98,238.77
2017-04-28 00:00:00+00:00,238.08,238.93,237.93,238.9
2017-05-01 00:00:00+00:00,238.68,239.17,238.195,238.68
2017-05-02 00:00:00+00:00,238.77,238.98,238.3,238.84
2017-05-03 00:00:00+00:00,238.48,238.8775,237.7,238.29
2017-05-04 00:00:00+00:00,238.76,238.9225,237.78,238.83
2017-05-05 00:00:00+00:00,239.7,239.72,238.68,239.19
2017-05-08 00:00:00+00:00,239.66,239.92,239.17,239.75
2017-05-09 00:00:00+00:00,239.44,240.19,239.04,239.96
2017-05-10 00:00:00+00:00,239.87,239.87,239.15,239.39
2017-05-11 00:00:00+00:00,239.38,239.57,238.13,239.35
2017-05-12 00:00:00+00:00,238.98,239.4273,238.67,239.09
2017-05-15 00:00:00+00:00,240.3,240.44,239.45,239.47
2017-05-16 00:00:00+00:00,240.08,240.67,239.63,240.64
2017-05-17 00:00:00+00:00,235.82,238.64,235.75,238.1
2017-05-18 00:00:00+00:00,236.77,237.75,235.43,235.73
2017-05-19 00:00:00+00:00,238.31,239.08,237.27,237.33
2017-05-22 00:00:00+00:00,239.52,239.71,238.82,238.9
2017-05-23 00:00:00+00:00,240.05,240.24,239.51,239.95
2017-05-24 00:00:00+00:00,240.61,240.73,239.93,240.32
2017-05-25 00:00:00+00:00,241.76,242.08,240.96,241.2
2017-05-26 00:00:00+00:00,241.71,241.9,241.45,241.54
2017-05-30 00:00:00+00:00,241.5,241.79,241.16,241.34
2017-05-31 00:00:00+00:00,241.44,241.88,240.64,241.84
2017-06-01 00:00:00+00:00,243.36,243.38,241.64,241.97
2017-06-02 00:00:00+00:00,244.17,244.35,243.08,243.42
2017-06-05 00:00:00+00:00,243.99,244.3,243.76,243.97
2017-06-06 00:00:00+00:00,243.21,243.98,243.12,243.34
2017-06-07 00:00:00+00:00,243.66,243.92,242.83,243.6
2017-06-08 00:00:00+00:00,243.78,244.33,243.17,243.77
2017-06-09 00:00:00+00:00,243.41,245.01,241.95,244.09
2017-06-12 00:00:00+00:00,243.36,243.42,242.38,243.13
2017-06-13 00:00:00+00:00,244.55,244.61,243.5799,243.98
2017-06-14 00:00:00+00:00,244.24,244.87,243.29,244.86
2017-06-15 00:00:00+00:00,243.77,243.91,242.36,242.68
2017-06-16 00:00:00+00:00,242.64,242.83,241.6337,242.77
2017-06-19 00:00:00+00:00,244.66,244.73,243.48,243.59
2017-06-20 00:00:00+00:00,243.01,244.26,242.99,244.25
2017-06-21 00:00:00+00:00,242.95,243.59,242.41,243.42
2017-06-22 00:00:00+00:00,242.84,243.53,242.64,242.96
2017-06-23 00:00:00+00:00,243.13,243.51,242.47,242.91
2017-06-26 00:00:00+00:00,243.29,244.38,243.045,243.9
2017-06-27 00:00:00+00:00,241.33,243.38,241.31,243.04
2017-06-28 00:00:00+00:00,243.49,243.715,242.23,242.5
2017-06-29 00:00:00+00:00,241.35,243.72,239.955,243.66
2017-06-30 00:00:00+00:00,241.8,242.71,241.575,242.28
2017-07-03 00:00:00+00:00,242.21,243.38,242.21,242.88
2017-07-05 00:00:00+00:00,242.77,243.01,241.7,242.63
2017-07-06 00:00:00+00:00,240.55,242.03,240.34,241.89
2017-07-07 00:00:00+00:00,242.11,242.28,240.5645,241.21
2017-07-10 00:00:00+00:00,242.37,242.8,241.76,241.95
2017-07-11 00:00:00+00:00,242.19,242.55,240.85,242.16
2017-07-12 00:00:00+00:00,244.01,244.2,243.3,243.3
2017-07-13 00:00:00+00:00,244.42,244.55,243.76,244.02
2017-07-14 00:00:00+00:00,245.56,245.97,244.31,244.43
2017-07-17 00:00:00+00:00,245.53,245.91,245.33,245.47
2017-07-18 00:00:00+00:00,245.66,245.72,244.67,245.06
2017-07-19 00:00:00+00:00,246.99,247.0,246.01,246.02
2017-07-20 00:00:00+00:00,247.1,247.42,246.47,247.28
2017-07-21 00:00:00+00:00,246.88,246.91,246.18,246.44
2017-07-24 00:00:00+00:00,246.82,246.98,246.28,246.79
2017-07-25 00:00:00+00:00,247.42,247.8,247.16,247.68
2017-07-26 00:00:00+00:00,247.43,247.79,247.13,247.75
2017-07-27 00:00:00+00:00,247.2,248.0,245.68,247.96
2017-07-28 00:00:00+00:00,246.91,247.06,246.13,246.65
2017-07-31 00:00:00+00:00,246.77,247.48,246.53,247.37
2017-08-01 00:00:00+00:00,247.32,247.5,246.716,247.46
2017-08-02 00:00:00+00:00,247.44,247.6,246.37,247.47
2017-08-03 00:00:00+00:00,246.96,247.34,246.64,247.31
2017-08-04 00:00:00+00:00,247.41,247.79,246.97,247.52
2017-08-07 00:00:00+00:00,247.87,247.87,247.37,247.49
2017-08-08 00:00:00+00:00,247.26,248.91,246.83,247.51
2017-08-09 00:00:00+00:00,247.25,247.31,246.06,246.47
2017-08-10 00:00:00+00:00,243.76,246.44,243.7,246.29
2017-08-11 00:00:00+00:00,244.12,244.8,243.75,244.02
2017-08-14 00:00:00+00:00,246.54,246.79,245.55,245.59
2017-08-15 00:00:00+00:00,246.51,247.0,246.16,246.98
2017-08-16 00:00:00+00:00,246.94,247.57,246.45,247.11
2017-08-17 00:00:00+00:00,243.09,246.6,243.09,246.24
2017-08-18 00:00:00+00:00,242.71,244.19,242.2,242.9
2017-08-21 00:00:00+00:00,242.9,243.2,241.83,242.64
2017-08-22 00:00:00+00:00,245.44,245.62,243.55,243.57
2017-08-23 00:00:00+00:00,244.56,245.05,244.16,244.33
2017-08-24 00:00:00+00:00,243.99,245.18,243.75,245.0
2017-08-25 00:00:00+00:00,244.56,245.61,244.39,244.9
2017-08-28 00:00:00+00:00,244.57,245.2,244.09,245.17
2017-08-29 00:00:00+00:00,244.85,245.15,242.93,243.06
2017-08-30 00:00:00+00:00,246.01,246.32,244.62,244.83
2017-08-31 00:00:00+00:00,247.49,247.77,246.05,246.72
2017-09-01 00:00:00+00:00,247.84,248.33,247.67,247.92
2017-09-05 00:00:00+00:00,246.06,247.52,244.95,247.26
2017-09-06 00:00:00+00:00,246.9,247.28,246.23,246.84
2017-09-07 00:00:00+00:00,246.87,247.27,246.4,247.25
2017-09-08 00:00:00+00:00,246.58,247.11,246.3,246.54
2017-09-11 00:00:00+00:00,249.21,249.3,248.02,248.04
2017-09-12 00:00:00+00:00,250.05,250.09,249.42,249.63
2017-09-13 00:00:00+00:00,250.17,250.21,249.59,249.72
2017-09-14 00:00:00+00:00,250.09,250.32,249.6,249.8
2017-09-15 00:00:00+00:00,249.19,249.29,248.57,248.69
2017-09-18 00:00:00+00:00,249.72,250.12,249.28,249.61
2017-09-19 00:00:00+00:00,249.97,250.07,249.6,250.0
2017-09-20 00:00:00+00:00,250.06,250.19,248.92,250.07
2017-09-21 00:00:00+00:00,249.39,249.98,249.19,249.88
2017-09-22 00:00:00+00:00,249.44,249.63,249.02,249.05
2017-09-25 00:00:00+00:00,248.93,249.55,248.08,249.15
2017-09-26 00:00:00+00:00,249.08,249.7,248.81,249.42
2017-09-27 00:00:00+00:00,250.05,250.49,248.87,249.88
2017-09-28 00:00:00+00:00,250.35,250.44,249.63,249.73
2017-09-29 00:00:00+00:00,251.23,251.32,250.13,250.34
2017-10-02 00:00:00+00:00,252.32,252.32,251.29,251.49
2017-10-03 00:00:00+00:00,252.86,252.89,252.23,252.32
2017-10-04 00:00:00+00:00,253.16,253.44,252.56,252.69
2017-10-05 00:00:00+00:00,254.66,254.68,253.2,253.54
2017-10-06 00:00:00+00:00,254.37,254.7,253.85,254.15
2017-10-09 00:00:00+00:00,253.95,254.7,253.65,254.63
2017-10-10 00:00:00+00:00,254.62,255.05,253.98,254.6
2017-10-11 00:00:00+00:00,255.02,255.02,254.32,254.51
2017-10-12 00:00:00+00:00,254.64,255.06,254.37,254.66
2017-10-13 00:00:00+00:00,254.95,255.27,254.64,255.14
2017-10-16 00:00:00+00:00,255.29,255.51,254.82,255.21
2017-10-17 00:00:00+00:00,255.47,255.52,254.98,255.23
2017-10-18 00:00:00+00:00,255.72,255.95,255.5,255.9
2017-10-19 00:00:00+00:00,255.79,255.83,254.35,254.83
2017-10-20 00:00:00+00:00,257.11,257.14,255.77,256.7
2017-10-23 00:00:00+00:00,256.11,257.51,256.02,257.48
2017-10-24 00:00:00+00:00,256.56,256.83,256.15,256.6
2017-10-25 00:00:00+00:00,255.29,256.31,254.0,256.18
2017-10-26 00:00:00+00:00,255.62,256.3,255.48,255.99
2017-10-27 00:00:00+00:00,257.71,257.89,255.63,256.47
2017-10-30 00:00:00+00:00,256.75,257.6,256.41,256.47
2017-10-31 00:00:00+00:00,257.15,257.44,256.81,257.18
2017-11-01 00:00:00+00:00,257.49,258.43,257.07,258.04
2017-11-02 00:00:00+00:00,257.59,257.75,256.19,257.41
2017-11-03 00:00:00+00:00,258.45,258.5,257.3,257.77
2017-11-06 00:00:00+00:00,258.85,259.0,258.22,258.3
2017-11-07 00:00:00+00:00,258.67,259.35,258.09,258.97
2017-11-08 00:00:00+00:00,259.11,259.22,258.15,258.47
2017-11-09 00:00:00+00:00,258.17,258.39,256.36,257.73
2017-11-10 00:00:00+00:00,258.09,258.29,257.37,257.73
2017-11-13 00:00:00+00:00,258.33,258.59,257.27,257.31
2017-11-14 00:00:00+00:00,257.73,257.85,256.52,257.41
2017-11-15 00:00:00+00:00,256.44,257.22,255.63,256.62
2017-11-16 00:00:00+00:00,258.62,259.04,257.47,257.52
2017-11-17 00:00:00+00:00,257.86,258.59,257.77,258.22
2017-11-20 00:00:00+00:00,258.3,258.52,257.86,258.14
2017-11-21 00:00:00+00:00,259.99,260.2,258.26,259.18
2017-11-22 00:00:00+00:00,259.76,260.15,259.57,260.0
2017-11-24 00:00:00+00:00,260.36,260.48,260.16,260.32
2017-11-27 00:00:00+00:00,260.23,260.75,260.0,260.41
2017-11-28 00:00:00+00:00,262.87,262.9,260.65,260.76
2017-11-29 00:00:00+00:00,262.71,263.63,262.2,263.02
2017-11-30 00:00:00+00:00,265.01,266.05,263.67,263.76
2017-12-01 00:00:00+00:00,264.46,265.31,260.76,264.76
2017-12-04 00:00:00+00:00,264.14,266.8,264.08,266.31
2017-12-05 00:00:00+00:00,263.19,265.15,263.04,263.19
2017-12-06 00:00:00+00:00,263.24,263.73,262.71,263.3
2017-12-07 00:00:00+00:00,264.07,264.43,262.94,264.07
2017-12-08 00:00:00+00:00,265.51,265.52,264.03,265.16
2017-12-11 00:00:00+00:00,266.31,266.38,265.48,266.31
2017-12-12 00:00:00+00:00,266.78,267.32,266.35,267.21
2017-12-13 00:00:00+00:00,266.75,267.56,266.65,267.06
2017-12-14 00:00:00+00:00,265.66,267.22,265.6,267.09
2017-12-15 00:00:00+00:00,266.51,267.04,265.39,265.45
2017-12-18 00:00:00+00:00,268.2,268.6,267.98,268.1
2017-12-19 00:00:00+00:00,267.17,268.53,267.09,268.48
2017-12-20 00:00:00+00:00,267.03,268.33,266.69,268.27
2017-12-21 00:00:00+00:00,267.58,268.39,267.3,267.74
2017-12-22 00:00:00+00:00,267.51,267.64,266.9,267.6
2017-12-26 00:00:00+00:00,267.19,267.44,266.89,267.05
2017-12-27 00:00:00+00:00,267.32,267.73,267.01,267.38
2017-12-28 00:00:00+00:00,267.87,267.92,267.45,267.89
2017-12-29 00:00:00+00:00,266.86,268.55,266.64,268.53
2018-01-02 00:00:00+00:00,268.77,268.81,267.4,267.84
2018-01-03 00:00:00+00:00,270.47,270.64,268.96,268.96
2018-01-04 00:00:00+00:00,271.61,272.16,270.54,271.2
2018-01-05 00:00:00+00:00,273.42,273.56,271.95,272.51
2018-01-08 00:00:00+00:00,273.92,274.1,272.98,273.31
2018-01-09 00:00:00+00:00,274.54,275.25,274.08,274.4
2018-01-10 00:00:00+00:00,274.12,274.42,272.92,273.68
2018-01-11 00:00:00+00:00,276.12,276.12,274.56,274.75
2018-01-12 00:00:00+00:00,277.92,278.11,276.08,276.42
2018-01-16 00:00:00+00:00,276.97,280.09,276.18,279.35
2018-01-17 00:00:00+00:00,279.61,280.05,276.97,278.03
2018-01-18 00:00:00+00:00,279.14,279.96,278.58,279.48
2018-01-19 00:00:00+00:00,280.41,280.41,279.14,279.8
2018-01-22 00:00:00+00:00,282.69,282.69,280.11,280.17
2018-01-23 00:00:00+00:00,283.29,283.62,282.37,282.74
2018-01-24 00:00:00+00:00,283.18,284.7,281.84,284.02
2018-01-25 00:00:00+00:00,283.3,284.27,282.4,284.16
2018-01-26 00:00:00+00:00,286.58,286.63,283.96,284.25
2018-01-29 00:00:00+00:00,284.68,286.43,284.5,285.93
2018-01-30 00:00:00+00:00,281.76,284.74,281.22,282.6
2018-01-31 00:00:00+00:00,281.9,283.3,280.68,282.73
2018-02-01 00:00:00+00:00,281.58,283.06,280.68,281.07
2018-02-02 00:00:00+00:00,275.45,280.23,275.41,280.08
2018-02-05 00:00:00+00:00,263.93,275.85,263.31,273.45
2018-02-06 00:00:00+00:00,269.13,269.7,258.7,259.94
2018-02-07 00:00:00+00:00,267.67,272.36,267.58,268.5
2018-02-08 00:00:00+00:00,257.63,268.17,257.59,268.01
2018-02-09 00:00:00+00:00,261.5,263.61,252.92,260.8
2018-02-12 00:00:00+00:00,265.34,267.01,261.66,263.83
2018-02-13 00:00:00+00:00,266.0,266.62,263.31,263.97
2018-02-14 00:00:00+00:00,269.59,270.0,264.3,264.31
2018-02-15 00:00:00+00:00,273.03,273.04,268.77,271.57
2018-02-16 00:00:00+00:00,273.11,275.32,272.27,272.32
2018-02-20 00:00:00+00:00,271.4,273.67,270.5,272.03
2018-02-21 00:00:00+00:00,270.05,274.72,269.94,271.9
2018-02-22 00:00:00+00:00,270.4,273.05,269.64,271.1
2018-02-23 00:00:00+00:00,274.71,274.71,271.25,271.79
2018-02-26 00:00:00+00:00,277.9,278.01,275.26,275.93
2018-02-27 00:00:00+00:00,274.43,278.92,274.36,278.11
2018-02-28 00:00:00+00:00,271.65,276.19,271.29,275.68
2018-03-01 00:00:00+00:00,267.7,273.17,266.0,271.41
2018-03-02 00:00:00+00:00,269.08,269.72,264.82,265.8
2018-03-05 00:00:00+00:00,272.19,272.89,267.61,267.73
2018-03-06 00:00:00+00:00,272.88,273.39,271.18,273.3
2018-03-07 00:00:00+00:00,272.78,273.18,270.2,270.42
2018-03-08 00:00:00+00:00,274.1,274.24,272.42,273.55
2018-03-09 00:00:00+00:00,278.87,278.87,275.34,275.7
2018-03-12 00:00:00+00:00,278.52,279.91,278.08,279.2
2018-03-13 00:00:00+00:00,276.72,280.41,276.03,279.84
2018-03-14 00:00:00+00:00,275.3,278.02,274.67,277.81
2018-03-15 00:00:00+00:00,275.0,276.61,274.43,275.88
2018-03-16 00:00:00+00:00,274.2,275.39,274.14,274.5
2018-03-19 00:00:00+00:00,270.49,274.4,268.62,273.35
2018-03-20 00:00:00+00:00,270.95,271.67,270.18,270.94
2018-03-21 00:00:00+00:00,270.43,273.27,270.19,270.9
2018-03-22 00:00:00+00:00,263.67,268.87,263.36,267.91
2018-03-23 00:00:00+00:00,258.05,264.54,257.83,264.17
2018-03-26 00:00:00+00:00,265.11,265.43,259.41,262.13
2018-03-27 00:00:00+00:00,260.6,266.77,258.84,266.17
2018-03-28 00:00:00+00:00,259.83,262.64,258.58,260.75
2018-03-29 00:00:00+00:00,263.15,265.26,259.84,261.12
2018-04-02 00:00:00+00:00,257.47,263.13,254.67,262.55
2018-04-03 00:00:00+00:00,260.77,261.31,256.84,258.87
2018-04-04 00:00:00+00:00,263.56,264.36,256.6,256.75
2018-04-05 00:00:00+00:00,265.64,266.64,264.32,265.55
2018-04-06 00:00:00+00:00,259.72,265.11,258.0,263.42
2018-04-09 00:00:00+00:00,261.0,264.84,259.94,261.37
2018-04-10 00:00:00+00:00,265.15,266.04,262.98,264.27
2018-04-11 00:00:00+00:00,263.76,265.64,263.39,263.47
2018-04-12 00:00:00+00:00,265.93,267.0,265.06,265.26
2018-04-13 00:00:00+00:00,265.15,267.54,264.01,267.41
2018-04-16 00:00:00+00:00,267.33,268.2,266.07,267.0
2018-04-17 00:00:00+00:00,270.19,270.87,268.75,269.33
2018-04-18 00:00:00+00:00,270.39,271.3,269.87,270.69
2018-04-19 00:00:00+00:00,268.89,269.88,267.72,269.65
2018-04-20 00:00:00+00:00,266.61,269.06,265.61,268.81
2018-04-23 00:00:00+00:00,266.57,267.89,265.35,267.26
2018-04-24 00:00:00+00:00,262.98,267.98,261.28,267.73
2018-04-25 00:00:00+00:00,263.63,264.13,260.85,262.91
2018-04-26 00:00:00+00:00,266.31,267.25,264.29,264.79
2018-04-27 00:00:00+00:00,266.56,267.34,265.5,267.0
2018-04-30 00:00:00+00:00,264.51,267.89,264.43,267.26
2018-05-01 00:00:00+00:00,264.98,265.1,262.11,263.87
2018-05-02 00:00:00+00:00,263.2,265.68,262.76,264.76
2018-05-03 00:00:00+00:00,262.62,263.36,259.05,262.26
2018-05-04 00:00:00+00:00,266.02,266.79,261.15,261.52
2018-05-07 00:00:00+00:00,266.92,268.02,266.11,266.89
2018-05-08 00:00:00+00:00,266.92,267.33,265.15,266.5
2018-05-09 00:00:00+00:00,269.5,269.87,267.09,267.68
2018-05-10 00:00:00+00:00,272.02,272.39,270.22,270.34
2018-05-11 00:00:00+00:00,272.85,273.15,271.58,272.16
2018-05-14 00:00:00+00:00,272.98,274.08,272.36,273.34
2018-05-15 00:00:00+00:00,271.1,271.61,270.03,271.59
2018-05-16 00:00:00+00:00,272.24,272.76,271.11,271.14
2018-05-17 00:00:00+00:00,272.01,273.23,271.13,271.94
2018-05-18 00:00:00+00:00,271.33,272.03,270.93,271.62
2018-05-21 00:00:00+00:00,273.37,273.98,272.57,273.01
2018-05-22 00:00:00+00:00,272.61,274.25,272.24,273.96
2018-05-23 00:00:00+00:00,273.36,273.39,270.99,271.17
2018-05-24 00:00:00+00:00,272.8,273.22,270.78,272.91
2018-05-25 00:00:00+00:00,272.15,272.86,271.58,272.15
2018-05-29 00:00:00+00:00,269.02,271.17,267.76,270.31
2018-05-30 00:00:00+00:00,272.61,273.11,270.42,270.5
2018-05-31 00:00:00+00:00,270.94,272.49,270.26,272.15
2018-06-01 00:00:00+00:00,273.6,273.94,272.33,272.41
2018-06-04 00:00:00+00:00,274.9,275.19,274.26,274.53
2018-06-05 00:00:00+00:00,275.1,275.53,274.18,275.05
2018-06-06 00:00:00+00:00,277.4,277.52,275.09,275.79
2018-06-07 00:00:00+00:00,277.37,278.28,276.34,277.95
2018-06-08 00:00:00+00:00,278.19,278.25,276.66,276.85
2018-06-11 00:00:00+00:00,278.56,279.37,278.31,278.44
2018-06-12 00:00:00+00:00,278.92,279.33,278.19,279.03
2018-06-13 00:00:00+00:00,278.03,279.48,277.8,279.19
2018-06-14 00:00:00+00:00,278.73,279.33,278.06,279.01
2018-06-15 00:00:00+00:00,277.13,277.51,275.35,276.6
2018-06-18 00:00:00+00:00,276.56,276.7,274.95,275.49
2018-06-19 00:00:00+00:00,275.5,275.75,273.53,274.0
2018-06-20 00:00:00+00:00,275.97,276.72,275.59,276.27
2018-06-21 00:00:00+00:00,274.24,275.98,273.68,275.96
2018-06-22 00:00:00+00:00,274.74,275.79,274.49,275.66
2018-06-25 00:00:00+00:00,271.0,273.62,269.1,273.44
2018-06-26 00:00:00+00:00,271.6,272.56,270.79,271.64
2018-06-27 00:00:00+00:00,269.35,273.87,269.18,272.26
2018-06-28 00:00:00+00:00,270.89,271.75,268.49,269.29
2018-06-29 00:00:00+00:00,271.28,273.66,271.15,272.12
2018-07-02 00:00:00+00:00,271.86,272.04,269.24,269.51
2018-07-03 00:00:00+00:00,270.9,272.98,270.42,272.87
2018-07-05 00:00:00+00:00,273.11,273.18,270.96,272.17
2018-07-06 00:00:00+00:00,275.42,275.84,272.71,273.14
2018-07-09 00:00:00+00:00,277.9,277.96,276.5,276.55
2018-07-10 00:00:00+00:00,278.9,279.01,278.08,278.41
2018-07-11 00:00:00+00:00,276.86,278.04,276.52,277.15
2018-07-12 00:00:00+00:00,279.37,279.43,277.6,278.28
2018-07-13 00:00:00+00:00,279.59,279.93,278.66,279.17
2018-07-16 00:00:00+00:00,279.34,279.8,278.84,279.64
2018-07-17 00:00:00+00:00,280.47,280.91,278.41,278.47
2018-07-18 00:00:00+00:00,281.06,281.18,280.06,280.56
2018-07-19 00:00:00+00:00,280.0,280.74,279.46,280.31
2018-07-20 00:00:00+00:00,279.68,280.48,279.5,279.77
2018-07-23 00:00:00+00:00,280.2,280.43,279.06,279.45
2018-07-24 00:00:00+00:00,281.61,282.56,280.63,281.79
2018-07-25 00:00:00+00:00,284.01,284.37,281.28,281.33
2018-07-26 00:00:00+00:00,283.34,284.11,283.09,283.2
2018-07-27 00:00:00+00:00,281.42,283.82,280.38,283.71
2018-07-30 00:00:00+00:00,279.95,281.69,279.36,281.51
2018-07-31 00:00:00+00:00,281.33,282.02,280.38,280.81
2018-08-01 00:00:00+00:00,280.86,282.13,280.13,281.56
2018-08-02 00:00:00+00:00,282.39,282.58,279.16,279.39
2018-08-03 00:00:00+00:00,283.6,283.66,282.33,282.53
2018-08-06 00:00:00+00:00,284.64,284.99,283.2,283.64
2018-08-07 00:00:00+00:00,285.58,286.01,285.24,285.39
2018-08-08 00:00:00+00:00,285.46,285.91,284.94,285.39
2018-08-09 00:00:00+00:00,285.07,285.97,284.92,285.53
2018-08-10 00:00:00+00:00,283.16,284.06,282.36,283.45
2018-08-13 00:00:00+00:00,282.1,284.16,281.77,283.47
2018-08-14 00:00:00+00:00,283.9,284.17,282.48,282.92
2018-08-15 00:00:00+00:00,281.78,282.54,280.16,282.38
2018-08-16 00:00:00+00:00,284.06,285.04,283.36,283.4
2018-08-17 00:00:00+00:00,285.06,285.56,283.37,283.83
2018-08-20 00:00:00+00:00,285.67,285.97,285.06,285.57
2018-08-21 00:00:00+00:00,286.34,287.31,285.71,286.25
2018-08-22 00:00:00+00:00,286.17,286.76,285.58,285.88
2018-08-23 00:00:00+00:00,285.79,286.94,285.43,285.97
2018-08-24 00:00:00+00:00,287.51,287.67,286.38,286.44
2018-08-27 00:00:00+00:00,289.78,289.9,288.68,288.86
2018-08-28 00:00:00+00:00,289.92,290.42,289.4,290.3
2018-08-29 00:00:00+00:00,291.48,291.74,289.89,290.16
2018-08-30 00:00:00+00:00,290.3,291.36,289.63,290.94
2018-08-31 00:00:00+00:00,290.31,290.81,289.29,289.84
2018-09-04 00:00:00+00:00,289.81,290.21,288.68,289.84
2018-09-05 00:00:00+00:00,289.03,289.64,287.89,289.41
2018-09-06 00:00:00+00:00,288.16,289.49,287.0,289.15
2018-09-07 00:00:00+00:00,287.6,288.7,286.71,286.98
2018-09-10 00:00:00+00:00,288.1,289.04,287.88,288.74
2018-09-11 00:00:00+00:00,289.05,289.55,286.98,287.37
2018-09-12 00:00:00+00:00,289.12,289.8,288.23,289.06
2018-09-13 00:00:00+00:00,290.83,291.04,290.0,290.32
2018-09-14 00:00:00+00:00,290.88,291.27,290.0,291.06
2018-09-17 00:00:00+00:00,289.34,290.86,289.03,290.82
2018-09-18 00:00:00+00:00,290.91,291.58,289.55,289.58
2018-09-19 00:00:00+00:00,291.22,291.69,290.83,290.97
2018-09-20 00:00:00+00:00,293.58,293.94,291.24,292.64
2018-09-21 00:00:00+00:00,291.99,293.22,291.81,293.09
2018-09-24 00:00:00+00:00,291.02,291.5,290.37,291.34
2018-09-25 00:00:00+00:00,290.75,291.65,290.48,291.53
2018-09-26 00:00:00+00:00,289.88,292.24,289.41,290.91
2018-09-27 00:00:00+00:00,290.69,291.91,290.1,290.41
2018-09-28 00:00:00+00:00,290.72,291.28,289.95,289.99
2018-10-01 00:00:00+00:00,291.73,292.93,290.98,292.11
2018-10-02 00:00:00+00:00,291.56,292.36,291.14,291.56
2018-10-03 00:00:00+00:00,291.72,293.21,291.32,292.74
2018-10-04 00:00:00+00:00,289.44,291.24,287.66,291.18
2018-10-05 00:00:00+00:00,287.82,290.27,286.22,289.69
2018-10-08 00:00:00+00:00,287.82,288.22,285.5,287.05
2018-10-09 00:00:00+00:00,287.4,288.86,286.77,287.39
2018-10-10 00:00:00+00:00,278.3,286.91,277.88,286.83
2018-10-11 00:00:00+00:00,272.17,278.9,270.36,277.08
2018-10-12 00:00:00+00:00,275.95,277.09,272.37,276.77
2018-10-15 00:00:00+00:00,274.4,277.04,274.3,275.55
2018-10-16 00:00:00+00:00,280.4,280.82,276.07,276.6
2018-10-17 00:00:00+00:00,280.45,281.15,277.56,280.44
2018-10-18 00:00:00+00:00,276.4,280.07,274.97,279.4
2018-10-19 00:00:00+00:00,276.25,279.3,275.47,277.13
2018-10-22 00:00:00+00:00,275.01,277.36,274.41,277.0
2018-10-23 00:00:00+00:00,273.61,274.87,268.61,270.95
2018-10-24 00:00:00+00:00,265.32,273.76,264.7,273.33
2018-10-25 00:00:00+00:00,270.08,271.81,266.23,267.38
2018-10-26 00:00:00+00:00,265.33,271.0,262.29,265.92
2018-10-29 00:00:00+00:00,263.86,270.25,259.85,268.8
2018-10-30 00:00:00+00:00,267.77,268.12,263.12,263.67
2018-10-31 00:00:00+00:00,270.63,273.23,270.12,270.65
2018-11-01 00:00:00+00:00,273.51,273.73,270.38,271.6
2018-11-02 00:00:00+00:00,271.89,275.23,269.59,274.75
2018-11-05 00:00:00+00:00,273.39,274.01,271.35,272.44
2018-11-06 00:00:00+00:00,275.12,275.3,273.25,273.32
2018-11-07 00:00:00+00:00,281.01,281.1,277.08,277.56
2018-11-08 00:00:00+00:00,280.5,281.22,279.22,280.11
2018-11-09 00:00:00+00:00,277.76,279.24,276.18,279.03
2018-11-12 00:00:00+00:00,272.57,277.46,271.99,277.19
2018-11-13 00:00:00+00:00,272.06,275.33,271.25,273.09
2018-11-14 00:00:00+00:00,270.2,274.61,268.45,274.16
2018-11-15 00:00:00+00:00,273.02,273.54,267.01,268.78
2018-11-16 00:00:00+00:00,273.73,274.75,271.21,271.79
2018-11-19 00:00:00+00:00,269.1,273.38,268.07,273.05
2018-11-20 00:00:00+00:00,264.12,267.0,263.15,265.36
2018-11-21 00:00:00+00:00,265.02,267.15,265.01,265.86
2018-11-23 00:00:00+00:00,263.25,264.82,263.07,263.18
2018-11-26 00:00:00+00:00,267.5,267.75,265.34,265.78
2018-11-27 00:00:00+00:00,268.4,268.4,265.66,266.34
2018-11-28 00:00:00+00:00,274.58,274.58,268.33,269.6
2018-11-29 00:00:00+00:00,273.98,275.55,272.43,273.71
2018-11-30 00:00:00+00:00,275.65,276.28,273.45,273.81
2018-12-03 00:00:00+00:00,279.3,280.4,277.51,280.28
2018-12-04 00:00:00+00:00,270.25,278.85,269.9,278.37
2018-12-06 00:00:00+00:00,269.84,269.97,262.44,265.92
2018-12-07 00:00:00+00:00,263.57,271.22,262.63,269.46
2018-12-10 00:00:00+00:00,264.07,265.16,258.62,263.37
2018-12-11 00:00:00+00:00,264.13,267.87,262.48,267.66
2018-12-12 00:00:00+00:00,265.46,269.0,265.37,267.47
2018-12-13 00:00:00+00:00,265.37,267.49,264.12,266.52
2018-12-14 00:00:00+00:00,260.47,264.03,259.85,262.96
2018-12-17 00:00:00+00:00,255.36,260.65,253.53,259.4
2018-12-18 00:00:00+00:00,255.08,257.95,253.28,257.2
2018-12-19 00:00:00+00:00,251.26,259.4,249.35,255.17
2018-12-20 00:00:00+00:00,247.17,251.62,244.65,249.86
2018-12-21 00:00:00+00:00,240.7,249.71,239.98,246.74
2018-12-24 00:00:00+00:00,234.34,240.84,234.27,239.04
2018-12-26 00:00:00+00:00,246.18,246.18,233.76,235.97
2018-12-27 00:00:00+00:00,248.07,248.29,238.96,242.57
2018-12-28 00:00:00+00:00,247.75,251.4,246.45,249.58
2018-12-31 00:00:00+00:00,249.92,250.19,247.47,249.56
2019-01-02 00:00:00+00:00,250.18,251.21,245.95,245.98
2019-01-03 00:00:00+00:00,244.21,248.57,243.67,248.23
2019-01-04 00:00:00+00:00,252.39,253.11,247.17,247.59
2019-01-07 00:00:00+00:00,254.38,255.95,251.69,252.69
2019-01-08 00:00:00+00:00,256.77,257.31,254.0,256.82
2019-01-09 00:00:00+00:00,257.97,258.91,256.19,257.56
2019-01-10 00:00:00+00:00,258.88,259.16,255.5,256.26
2019-01-11 00:00:00+00:00,258.98,259.01,257.03,257.68
2019-01-14 00:00:00+00:00,257.4,258.3,256.41,256.86
2019-01-15 00:00:00+00:00,260.35,260.7,257.81,257.82
2019-01-16 00:00:00+00:00,260.98,261.97,260.6,260.83
2019-01-17 00:00:00+00:00,262.96,263.92,259.96,260.01
2019-01-18 00:00:00+00:00,266.46,266.98,263.0,264.98
2019-01-22 00:00:00+00:00,262.86,265.06,261.06,264.82
2019-01-23 00:00:00+00:00,263.41,264.79,260.66,264.01
2019-01-24 00:00:00+00:00,263.55,264.2,262.08,263.21
2019-01-25 00:00:00+00:00,265.78,266.7,263.66,265.61
2019-01-28 00:00:00+00:00,263.76,263.83,261.79,263.39
2019-01-29 00:00:00+00:00,263.41,264.55,262.48,263.92
2019-01-30 00:00:00+00:00,267.58,268.52,264.25,265.1
2019-01-31 00:00:00+00:00,269.93,270.47,267.27,267.51
2019-02-01 00:00:00+00:00,270.06,271.2,269.18,270.15
2019-02-04 00:00:00+00:00,271.96,272.03,269.36,270.11
2019-02-05 00:00:00+00:00,273.1,273.44,271.88,272.44
2019-02-06 00:00:00+00:00,272.74,273.34,271.92,272.79
2019-02-07 00:00:00+00:00,270.14,271.55,268.29,270.94
2019-02-08 00:00:00+00:00,270.47,270.58,267.83,268.75
2019-02-11 00:00:00+00:00,270.62,271.49,270.03,271.2
2019-02-12 00:00:00+00:00,274.1,274.52,272.34,272.42
2019-02-13 00:00:00+00:00,274.99,275.93,274.56,275.03
2019-02-14 00:00:00+00:00,274.38,275.64,272.87,273.78
2019-02-15 00:00:00+00:00,277.37,277.41,276.13,276.36
2019-02-19 00:00:00+00:00,277.85,278.58,276.47,276.48
2019-02-20 00:00:00+00:00,278.41,278.92,277.25,277.81
2019-02-21 00:00:00+00:00,277.42,278.1,276.35,277.7
2019-02-22 00:00:00+00:00,279.14,279.36,277.4,278.11
2019-02-25 00:00:00+00:00,279.52,281.31,279.43,280.73
2019-02-26 00:00:00+00:00,279.32,280.3,278.9,279.13
2019-02-27 00:00:00+00:00,279.2,279.59,277.48,278.52
2019-02-28 00:00:00+00:00,278.68,279.45,278.32,278.96
2019-03-01 00:00:00+00:00,280.42,280.88,278.82,280.44
2019-03-04 00:00:00+00:00,279.4,281.87,276.84,281.6
2019-03-05 00:00:00+00:00,279.02,279.76,278.41,279.54
2019-03-06 00:00:00+00:00,277.33,279.16,276.97,279.15
2019-03-07 00:00:00+00:00,275.01,276.99,274.07,276.83
2019-03-08 00:00:00+00:00,274.46,274.65,272.42,272.94
2019-03-11 00:00:00+00:00,278.44,278.62,275.23,275.26
2019-03-12 00:00:00+00:00,279.49,280.07,278.85,279.06
2019-03-13 00:00:00+00:00,281.34,282.38,280.3,280.48
2019-03-14 00:00:00+00:00,281.16,281.84,280.67,281.37
2019-03-15 00:00:00+00:00,281.31,282.21,280.33,280.54
2019-03-18 00:00:00+00:00,282.33,282.66,281.3,281.55
2019-03-19 00:00:00+00:00,282.4,284.36,281.41,283.51
2019-03-20 00:00:00+00:00,281.55,283.5,280.32,282.16
2019-03-21 00:00:00+00:00,284.73,285.18,280.59,280.64
2019-03-22 00:00:00+00:00,279.25,283.8,279.18,283.22
2019-03-25 00:00:00+00:00,279.04,280.19,277.64,278.87
2019-03-26 00:00:00+00:00,281.12,282.18,279.56,280.99
2019-03-27 00:00:00+00:00,279.65,281.76,277.93,281.11
2019-03-28 00:00:00+00:00,280.71,281.21,279.07,280.35
2019-03-29 00:00:00+00:00,282.48,282.84,281.14,282.39
2019-04-01 00:00:00+00:00,285.83,286.16,284.4,284.7
2019-04-02 00:00:00+00:00,285.97,286.23,285.09,286.04
2019-04-03 00:00:00+00:00,286.42,287.76,285.75,287.32
2019-04-04 00:00:00+00:00,287.18,287.46,286.01,286.78
2019-04-05 00:00:00+00:00,288.57,288.63,287.6,287.92
2019-04-08 00:00:00+00:00,288.79,288.91,287.37,288.1
2019-04-09 00:00:00+00:00,287.31,288.08,286.7,287.72
2019-04-10 00:00:00+00:00,288.29,288.39,287.31,287.77
2019-04-11 00:00:00+00:00,288.21,288.84,287.58,288.83
2019-04-12 00:00:00+00:00,290.16,290.47,288.26,290.0
2019-04-15 00:00:00+00:00,289.97,290.35,289.08,290.24
2019-04-16 00:00:00+00:00,290.16,291.01,289.5,290.95
2019-04-17 00:00:00+00:00,289.45,291.43,288.99,291.4
2019-04-18 00:00:00+00:00,290.02,290.32,288.66,290.1
2019-04-22 00:00:00+00:00,290.27,290.44,289.07,289.17
2019-04-23 00:00:00+00:00,292.88,293.14,290.42,290.68
2019-04-24 00:00:00+00:00,292.23,293.16,292.07,292.79
2019-04-25 00:00:00+00:00,292.05,292.78,290.73,292.12
2019-04-26 00:00:00+00:00,293.41,293.49,291.24,292.1
2019-04-29 00:00:00+00:00,293.87,294.45,293.41,293.51
2019-04-30 00:00:00+00:00,294.02,294.34,291.92,293.49
2019-05-01 00:00:00+00:00,291.81,294.95,291.8,294.72
2019-05-02 00:00:00+00:00,291.18,292.7,289.52,291.68
2019-05-03 00:00:00+00:00,294.03,294.34,291.3,292.82
2019-05-06 00:00:00+00:00,292.82,293.31,288.9,289.25
2019-05-07 00:00:00+00:00,287.93,290.81,285.81,290.15
2019-05-08 00:00:00+00:00,287.53,289.43,286.87,287.53
2019-05-09 00:00:00+00:00,286.66,287.33,283.3,285.23
2019-05-10 00:00:00+00:00,288.1,288.94,282.3,285.62
2019-05-13 00:00:00+00:00,280.86,283.49,279.93,282.42
2019-05-14 00:00:00+00:00,283.4,285.1,281.85,281.99
2019-05-15 00:00:00+00:00,285.06,285.77,281.36,281.59
2019-05-16 00:00:00+00:00,287.7,289.21,285.76,285.84
2019-05-17 00:00:00+00:00,285.84,288.6,285.12,285.14
2019-05-20 00:00:00+00:00,283.95,285.96,283.12,284.06
2019-05-21 00:00:00+00:00,286.51,286.93,285.55,285.83
2019-05-22 00:00:00+00:00,285.63,286.69,285.1,285.45
2019-05-23 00:00:00+00:00,282.14,283.21,280.57,283.16
2019-05-24 00:00:00+00:00,282.78,284.2,282.09,283.74
2019-05-28 00:00:00+00:00,280.15,284.15,280.13,283.09
2019-05-29 00:00:00+00:00,278.27,279.36,276.71,278.91
2019-05-30 00:00:00+00:00,279.03,280.04,277.81,279.11
2019-05-31 00:00:00+00:00,275.27,277.12,275.24,276.2
2019-06-03 00:00:00+00:00,274.57,276.55,273.09,275.31
2019-06-04 00:00:00+00:00,280.53,280.68,276.62,277.12
2019-06-05 00:00:00+00:00,282.96,282.99,280.32,282.33
2019-06-06 00:00:00+00:00,284.8,285.55,282.57,283.29
2019-06-07 00:00:00+00:00,287.65,288.85,285.74,285.93
2019-06-10 00:00:00+00:00,288.97,290.82,288.87,289.37
2019-06-11 00:00:00+00:00,288.9,291.4,288.18,290.99
2019-06-12 00:00:00+00:00,288.39,289.26,287.82,288.64
2019-06-13 00:00:00+00:00,289.58,289.98,288.62,289.4
2019-06-14 00:00:00+00:00,289.26,289.93,288.41,289.26
2019-06-17 00:00:00+00:00,289.37,290.22,289.18,289.52
2019-06-18 00:00:00+00:00,292.4,293.57,290.99,291.39
2019-06-19 00:00:00+00:00,293.06,293.65,291.47,292.55
2019-06-20 00:00:00+00:00,295.86,296.31,293.13,296.04
2019-06-21 00:00:00+00:00,294.0,295.52,293.76,294.13
2019-06-24 00:00:00+00:00,293.64,294.58,293.47,294.23
2019-06-25 00:00:00+00:00,290.76,293.73,290.64,293.7
2019-06-26 00:00:00+00:00,290.47,292.31,290.345,291.75
2019-06-27 00:00:00+00:00,291.5,292.06,290.89,291.31
2019-06-28 00:00:00+00:00,293.0,293.55,292.01,292.58
2019-07-01 00:00:00+00:00,295.66,296.92,294.33,296.68
2019-07-02 00:00:00+00:00,296.43,296.49,294.68,295.61
2019-07-03 00:00:00+00:00,298.8,298.82,297.02,297.18
2019-07-05 00:00:00+00:00,298.46,298.64,296.01,297.44
2019-07-08 00:00:00+00:00,296.82,298.2579,296.22,297.01
2019-07-09 00:00:00+00:00,297.19,297.52,295.48,295.54
2019-07-10 00:00:00+00:00,298.61,299.66,297.78,298.37
2019-07-11 00:00:00+00:00,299.31,299.58,298.2,299.32
2019-07-12 00:00:00+00:00,300.65,300.73,299.51,299.85
2019-07-15 00:00:00+00:00,300.75,301.13,300.19,301.13
2019-07-16 00:00:00+00:00,299.71,300.88,299.44,300.65
2019-07-17 00:00:00+00:00,297.74,299.93,297.74,299.75
2019-07-18 00:00:00+00:00,298.83,299.25,296.7,297.19
2019-07-19 00:00:00+00:00,297.17,300.07,296.96,300.04
2019-07-22 00:00:00+00:00,297.9,298.5,297.04,297.61
2019-07-23 00:00:00+00:00,300.03,300.03,298.22,299.14
2019-07-24 00:00:00+00:00,301.44,301.44,299.09,299.19
2019-07-25 00:00:00+00:00,300.0,301.0,299.11,300.94
2019-07-26 00:00:00+00:00,302.01,302.23,300.62,300.76
2019-07-29 00:00:00+00:00,301.46,301.93,300.85,301.88
2019-07-30 00:00:00+00:00,300.72,301.17,299.49,299.91
2019-07-31 00:00:00+00:00,297.43,301.2,295.2,300.99
2019-08-01 00:00:00+00:00,294.84,300.87,293.96,297.6
2019-08-02 00:00:00+00:00,292.62,294.12,290.9,293.85
2019-08-05 00:00:00+00:00,283.82,288.21,281.72,288.09
2019-08-06 00:00:00+00:00,287.8,288.04,284.28,285.91
2019-08-07 00:00:00+00:00,287.97,288.82,282.04,284.4
2019-08-08 00:00:00+00:00,293.62,293.62,289.01,289.62
2019-08-09 00:00:00+00:00,291.62,293.24,289.65,292.58
2019-08-12 00:00:00+00:00,288.07,291.61,287.02,289.96
2019-08-13 00:00:00+00:00,292.55,294.15,287.36,287.74
2019-08-14 00:00:00+00:00,283.9,292.4644,283.76,288.07
2019-08-15 00:00:00+00:00,284.65,285.64,282.39,284.88
2019-08-16 00:00:00+00:00,288.85,289.33,284.7138,286.48
2019-08-19 00:00:00+00:00,292.33,293.08,291.44,292.19
2019-08-20 00:00:00+00:00,290.09,292.36,289.95,291.77
2019-08-21 00:00:00+00:00,292.45,292.86,291.72,292.48
2019-08-22 00:00:00+00:00,292.36,293.93,290.4,293.23
2019-08-23 00:00:00+00:00,284.85,292.76,283.47,290.92
2019-08-26 00:00:00+00:00,288.0,288.0,285.58,287.27
2019-08-27 00:00:00+00:00,286.87,289.95,286.03,289.54
2019-08-28 00:00:00+00:00,288.89,289.07,285.25,286.14
2019-08-29 00:00:00+00:00,292.58,293.16,290.61,291.72
2019-08-30 00:00:00+00:00,292.4527,294.2399,291.42,294.22
2019-09-03 00:00:00+00:00,290.75,291.58,289.27,290.57
2019-09-04 00:00:00+00:00,293.97,294.055,292.31,293.14
2019-09-05 00:00:00+00:00,297.75,298.83,294.001,296.79
2019-09-06 00:00:00+00:00,298.05,298.76,297.42,298.17
2019-09-09 00:00:00+00:00,298.2,299.24,297.16,299.14
2019-09-10 00:00:00+00:00,298.13,298.2,295.97,297.36
2019-09-11 00:00:00+00:00,300.25,300.34,297.75,298.47
2019-09-12 00:00:00+00:00,301.29,302.46,300.41,301.25
2019-09-13 00:00:00+00:00,301.09,302.17,300.68,301.78
2019-09-16 00:00:00+00:00,300.16,301.1378,299.45,299.84
2019-09-17 00:00:00+00:00,300.92,301.02,299.75,299.94
2019-09-18 00:00:00+00:00,301.1,301.22,298.24,300.49
2019-09-19 00:00:00+00:00,301.08,302.63,300.7103,301.53
2019-09-20 00:00:00+00:00,298.28,300.67,297.41,300.36
2019-09-23 00:00:00+00:00,298.21,299.0,297.27,297.55
2019-09-24 00:00:00+00:00,295.87,299.84,294.81,299.41
2019-09-25 00:00:00+00:00,297.62,298.11,294.33,295.96
2019-09-26 00:00:00+00:00,297.0,297.86,295.45,297.63
2019-09-27 00:00:00+00:00,295.4,297.9465,293.69,297.83
2019-09-30 00:00:00+00:00,296.77,297.55,295.92,295.97
2019-10-01 00:00:00+00:00,293.24,298.455,293.0,297.74
2019-10-02 00:00:00+00:00,288.06,291.51,286.64,291.5
2019-10-03 00:00:00+00:00,290.42,290.45,284.82,287.81
2019-10-04 00:00:00+00:00,294.35,294.63,290.82,291.14
2019-10-07 00:00:00+00:00,293.08,295.26,292.77,293.47
2019-10-08 00:00:00+00:00,288.53,291.85,288.49,291.04
2019-10-09 00:00:00+00:00,291.27,292.3,288.6559,290.75
2019-10-10 00:00:00+00:00,293.24,294.21,291.0,291.18
2019-10-11 00:00:00+00:00,296.28,298.74,296.1448,296.27
2019-10-14 00:00:00+00:00,295.95,296.67,295.57,295.93
2019-10-15 00:00:00+00:00,298.88,299.7,296.97,297.1
2019-10-16 00:00:00+00:00,298.4,299.16,297.92,298.37
2019-10-17 00:00:00+00:00,299.28,300.24,298.515,299.68
2019-10-18 00:00:00+00:00,297.97,299.395,296.99,298.69
2019-10-21 00:00:00+00:00,299.99,300.21,298.935,299.42
2019-10-22 00:00:00+00:00,299.01,300.9,298.91,300.58
2019-10-23 00:00:00+00:00,299.88,299.94,298.495,298.73
2019-10-24 00:00:00+00:00,300.37,301.07,299.4601,300.91
2019-10-25 00:00:00+00:00,301.6,302.2,299.6806,299.74
2019-10-28 00:00:00+00:00,303.3,303.85,302.91,302.94
2019-10-29 00:00:00+00:00,303.21,304.23,302.86,303.0001
2019-10-30 00:00:00+00:00,304.14,304.55,301.99,303.43
2019-10-31 00:00:00+00:00,303.33,304.13,301.73,304.13
2019-11-01 00:00:00+00:00,306.14,306.19,304.74,304.916
2019-11-04 00:00:00+00:00,307.37,308.0,306.96,307.85
2019-11-05 00:00:00+00:00,307.03,307.9195,306.71,307.59
2019-11-06 00:00:00+00:00,307.1,307.4,306.06,307.03
2019-11-07 00:00:00+00:00,308.18,309.65,307.66,308.5758
2019-11-08 00:00:00+00:00,308.94,309.0036,307.03,307.8
2019-11-11 00:00:00+00:00,308.35,308.54,307.27,307.42
2019-11-12 00:00:00+00:00,309.0,309.99,308.15,308.75
2019-11-13 00:00:00+00:00,309.1,309.54,307.66,307.91
2019-11-14 00:00:00+00:00,309.55,309.64,308.09,308.79
2019-11-15 00:00:00+00:00,311.79,311.84,310.26,311.02
2019-11-18 00:00:00+00:00,312.02,312.28,311.03,311.53
2019-11-19 00:00:00+00:00,311.93,312.69,311.22,312.68
2019-11-20 00:00:00+00:00,310.77,311.85,309.06,311.28
2019-11-21 00:00:00+00:00,310.27,311.01,309.39,310.89
2019-11-22 00:00:00+00:00,310.96,311.24,309.85,311.09
2019-11-25 00:00:00+00:00,313.37,313.37,311.98,311.98
2019-11-26 00:00:00+00:00,314.08,314.28,313.06,313.41
2019-11-27 00:00:00+00:00,315.48,315.48,314.37,314.61
2019-11-29 00:00:00+00:00,314.31,315.13,314.06,314.86
2019-12-02 00:00:00+00:00,311.64,314.66,311.17,314.59
2019-12-03 00:00:00+00:00,309.55,309.64,307.13,308.65
2019-12-04 00:00:00+00:00,311.46,312.12,310.32,310.7
2019-12-05 00:00:00+00:00,312.02,312.25,310.58,312.23
2019-12-06 00:00:00+00:00,314.87,315.31,314.11,314.11
2019-12-09 00:00:00+00:00,313.88,315.18,313.8,314.44
2019-12-10 00:00:00+00:00,313.53,314.55,312.81,313.82
2019-12-11 00:00:00+00:00,314.42,314.7,313.5312,314.03
2019-12-12 00:00:00+00:00,317.13,317.99,314.17,314.43
2019-12-13 00:00:00+00:00,317.32,318.67,316.02,316.87
2019-12-16 00:00:00+00:00,319.5,320.15,317.2542,319.18
2019-12-17 00:00:00+00:00,319.57,320.25,319.48,319.92
2019-12-18 00:00:00+00:00,319.59,320.25,319.53,320.0
2019-12-19 00:00:00+00:00,320.9,320.98,319.5246,319.7999
2019-12-20 00:00:00+00:00,320.73,321.9742,319.3873,320.46
2019-12-23 00:00:00+00:00,321.22,321.65,321.06,321.59
2019-12-24 00:00:00+00:00,321.23,321.52,320.9,321.47
2019-12-26 00:00:00+00:00,322.94,322.95,321.64,321.65
2019-12-27 00:00:00+00:00,322.86,323.8,322.28,323.74
2019-12-30 00:00:00+00:00,321.08,323.1,320.55,322.95
2019-12-31 00:00:00+00:00,321.86,322.13,320.15,320.53
